date_utc,time_utc,energy_kwh,humi_pct,temp_F
2023-07-04,15:00,1949.6744,38.6028,72.284
2023-07-04,16:00,1955.180719,39.4766,73.7896
2023-07-04,17:00,1930.704153,42.8048,74.1388
2023-07-04,18:00,1894.362364,42.3127,75.983
2023-07-04,19:00,1927.377256,43.1439,77.4617
2023-07-04,20:00,1996.979419,42.6979,77.1148
2023-07-04,21:00,1991.436978,42.7824,77.5657
2023-07-04,22:00,2010.217631,44.3815,76.1797
2023-07-04,23:00,2016.727086,44.606,80.0064
2023-07-05,00:00,2018.838569,47.0445,77.0828
2023-07-05,01:00,2017.753156,67.8189,64.8227
2023-07-05,02:00,2012.108394,99.6865,57.5622
2023-07-05,03:00,2005.008725,100.0,56.2667
2023-07-05,04:00,1999.321842,100.0,55.3219
2023-07-05,05:00,1983.947628,100.0,53.8932
2023-07-05,06:00,1992.355739,100.0,53.6273
2023-07-05,07:00,1987.061053,100.0,53.2721
2023-07-05,08:00,1984.970014,100.0,53.2082
2023-07-05,09:00,1980.474689,100.0,53.2754
2023-07-05,10:00,1984.131453,100.0,53.5541
2023-07-05,11:00,1983.978975,100.0,54.2251
2023-07-05,12:00,1987.592264,100.0,54.4252
2023-07-05,13:00,1989.602214,100.0,55.6196
2023-07-05,14:00,1973.001092,100.0,55.3375
2023-07-05,18:00,2005.3399,99.9761,60.3406
2023-07-05,19:00,2000.710664,84.4763,60.822
2023-07-05,20:00,1985.663961,80.5239,59.2117
2023-07-05,21:00,1975.846944,82.7825,58.4905
2023-07-05,22:00,1982.629944,84.4036,58.3459
2023-07-05,23:00,1992.961067,85.5545,58.7346
2023-07-06,00:00,2030.170311,85.2746,59.4909
2023-07-06,01:00,1988.495625,86.8519,58.9808
2023-07-06,02:00,1964.472903,90.5136,57.8093
2023-07-06,03:00,1965.543778,91.8215,57.4767
2023-07-06,04:00,1966.222092,92.0093,57.1768
2023-07-06,05:00,1961.2223,94.8695,56.4117
2023-07-06,06:00,1980.636669,95.1133,56.3368
2023-07-06,07:00,1984.930764,93.9756,56.5087
2023-07-06,08:00,1983.059889,93.4013,57.1571
2023-07-06,09:00,1985.633736,93.4729,57.0543
2023-07-06,10:00,1982.983078,91.6943,55.6306
2023-07-06,11:00,1966.658267,90.1104,55.3794
2023-07-06,12:00,1959.974431,89.4965,54.8059
2023-07-06,13:00,1969.4585,77.0692,58.2532
2023-07-06,14:00,1957.093675,70.5462,61.1449
2023-07-06,15:00,1960.452842,65.1856,62.4415
2023-07-06,16:00,1963.758506,69.9457,62.5736
2023-07-06,17:00,1983.376303,67.465,66.4713
2023-07-06,18:00,2044.396581,62.8515,72.4394
2023-07-06,19:00,2052.135414,59.8317,73.5259
2023-07-06,20:00,1980.443764,59.8564,74.1856
2023-07-06,21:00,2029.2210178163266,62.6668,71.6569
2023-07-06,22:00,2257.9852733163266,65.1382,70.2023
2023-07-06,23:00,2273.0436100163265,67.1795,69.1942
2023-07-07,00:00,2056.1203012163264,67.8647,69.3575
2023-07-07,01:00,1924.8552354163264,71.0955,69.2358
2023-07-07,02:00,1959.6656550163266,75.7608,67.2156
2023-07-07,03:00,2038.5097775163265,76.9052,66.3247
2023-07-07,04:00,2037.1405008163265,78.6812,65.8878
2023-07-07,05:00,2015.6321128163265,77.9899,64.7425
2023-07-07,06:00,1910.1824278163265,76.7055,63.868
2023-07-07,07:00,1876.8356253163265,73.7486,62.866
2023-07-07,08:00,1884.6271200163264,72.2997,61.1096
2023-07-07,09:00,1837.7331454163266,71.819,61.5629
2023-07-07,10:00,1828.8860291163264,72.5195,60.306
2023-07-07,11:00,1858.3045545163266,80.6884,57.2346
2023-07-07,12:00,1824.3789991163264,74.385,57.2684
2023-07-07,13:00,1805.0821633163264,59.3711,59.5645
2023-07-07,14:00,1865.8856137163264,49.9383,61.5714
2023-07-07,15:00,1969.2050750163266,49.6865,64.8737
2023-07-07,16:00,1997.2167499163265,49.6746,67.4304
2023-07-07,17:00,2086.4161591163265,48.6069,69.8971
2023-07-07,18:00,2469.0976341163264,49.4477,70.9831
2023-07-07,19:00,2480.1718907163267,51.1257,71.8457
2023-07-07,20:00,2452.0987962163263,50.2648,72.4453
2023-07-07,21:00,2442.7259008163264,49.398,71.9333
2023-07-07,22:00,2254.4895591163263,54.789,69.6985
2023-07-07,23:00,1982.0516604163265,56.5893,67.8363
2023-07-08,00:00,2372.6266375163264,63.9272,63.6417
2023-07-08,01:00,2244.0684737163265,71.6853,61.0774
2023-07-08,02:00,1971.7439157163267,73.6543,60.7231
2023-07-08,03:00,1960.9386399163266,72.8407,61.162
2023-07-08,04:00,1961.3141854163266,76.8376,59.8937
2023-07-08,05:00,1957.6868628163265,80.7885,58.6805
2023-07-08,06:00,1948.7676349163266,82.3457,57.912
2023-07-08,07:00,1945.1441557163264,83.7636,57.7514
2023-07-08,08:00,1943.0434857163266,85.3197,58.2843
2023-07-08,09:00,1937.5725950163264,84.2022,58.3749
2023-07-08,10:00,1934.0477528163267,83.5599,58.433
2023-07-08,11:00,1927.7481474163264,83.9022,58.4911
2023-07-08,12:00,1921.1337957163266,86.1499,58.4914
2023-07-08,13:00,1911.4010991163266,80.0753,61.2444
2023-07-08,14:00,1883.8034895163264,62.5994,63.9506
2023-07-08,15:00,1907.0722295163266,62.8044,65.4119
2023-07-08,16:00,1871.5307279163264,59.1022,69.7953
2023-07-08,17:00,1875.9979478163264,58.5373,71.1043
2023-07-08,18:00,1878.6068607163265,56.8553,73.1418
2023-07-08,19:00,1863.3670504163265,56.171,74.2361
2023-07-08,20:00,1864.9036591163265,58.15,73.1513
2023-07-08,21:00,1865.2012487163265,65.7307,70.5016
